Workbook

Sheet Podsumowanie
A1: Średnie prędkości C++ | G1: Prawdopodobieństwo błedu C++
B2: Kontrolna | C2: Fence | D2: Load | E2: Store | H2: Kontrolna | I2: Fence | J2: Load | K2: Store
A3: ARM | B3: =AVERAGE(ARM!A11:A15) -> 6.566 | C3: =AVERAGE(ARM!B11:B15) -> 20.954 | D3: =AVERAGE(ARM!C11:C15) -> 38.212 | E3: =AVERAGE(ARM!D11:D15) -> 47.342 | G3: ARM | H3: =AVERAGE(ARM!$A$4:$A$8)/1000000 -> 8.6e-06 | I3: =AVERAGE(ARM!F4:F8) -> 0 | J3: =AVERAGE(ARM!K4:K8) -> 0 | K3: =AVERAGE(ARM!P4:P8) -> 0
A4: Intel | B4: =AVERAGE(Intel!A11:A15) -> 11.998 | C4: =AVERAGE(Intel!B11:B15) -> 68.696 | D4: =AVERAGE(Intel!C11:C15) -> 73.556 | E4: =AVERAGE(Intel!D11:D15) -> 92.974 | G4: Intel | H4: =AVERAGE(Intel!$A$4:$A$8)/1000000 -> 8.06e-05 | I4: 0 | J4: 0 | K4: 0
A5: Slurm | B5: =AVERAGE(Slurm!A11:A15) -> 4.69 | C5: =AVERAGE(Slurm!B11:B15) -> 35.508 | D5: =AVERAGE(Slurm!C11:C15) -> 36.218 | E5: =AVERAGE(Slurm!D11:D15) -> 33.496 | G5: Slurm | H5: =AVERAGE(Slurm!$A$4:$A$8)/1000000 -> 2.16e-05 | I5: 0 | J5: 0 | K5: 0
A25: Średnie prędkości C# | G25: Prawdopodobieństwo błedu C#
B26: Kontrolna | C26: Fence | D26: Load | E26: Store | H26: Kontrolna | I26: Fence | J26: Load | K26: Store
A27: ARM | B27: =AVERAGE(ARM!A$27:A$31) -> 6.438 | C27: =AVERAGE(ARM!B$27:B$31) -> 22.702 | D27: =AVERAGE(ARM!C$27:C$31) -> 56.074 | E27: =AVERAGE(ARM!D$27:D$31) -> 44.61 | G27: ARM | H27: =AVERAGE(ARM!$A$20:$A$24)/1000000 -> 0.2964978 | I27: 0 | J27: 0 | K27: 0
A28: Intel | B28: =AVERAGE(Intel!A$27:A$31) -> 27.438 | C28: =AVERAGE(Intel!B$27:B$31) -> 72.192 | D28: =AVERAGE(Intel!C$27:C$31) -> 109.232 | E28: =AVERAGE(Intel!D$27:D$31) -> 71.224 | G28: Intel | H28: =AVERAGE(Intel!$A$20:$A$24)/1000000 -> 0.0063508 | I28: 0 | J28: 0 | K28: 0
A29: Slurm | B29: =AVERAGE(Slurm!A$27:A$31) -> 4.174 | C29: =AVERAGE(Slurm!B$27:B$31) -> 47.766 | D29: =AVERAGE(Slurm!C$27:C$31) -> 52.662 | E29: =AVERAGE(Slurm!D$27:D$31) -> 75.32 | G29: Slurm | H29: =AVERAGE(Slurm!$A$20:$A$24)/1000000 -> 0.0595698 | I29: 0 | J29: 0 | K29: 0

Sheet ARM
A1: ARM C++
A2: Bez | F2: Fence | K2: Load | P2: Store
A3: [0][0] | B3: [1][0] | C3: [0][1] | D3: [1][1] | E3: czas | F3: [0][0] | G3: [1][0] | H3: [0][1] | I3: [1][1] | J3: czas | K3: [0][0] | L3: [1][0] | M3: [0][1] | N3: [1][1] | O3: czas | P3: [0][0] | Q3: [1][0] | R3: [0][1] | S3: [1][1] | T3: czas
A4: 7 | B4: 547577 | C4: 452416 | D4: 0 | E4: 101956.218 ms | F4: 0 | G4: 495235 | H4: 504765 | I4: 0 | J4: 77377.287 | K4: 0 | L4: 518955 | M4: 481043 | N4: 2 | O4: 101875.592 | P4: 0 | Q4: 541698 | R4: 458287 | S4: 15 | T4: 84065.584
A5: 6 | B5: 529291 | C5: 470703 | D5: 0 | E5: 101217.687 ms | F5: 0 | G5: 502393 | H5: 497607 | I5: 0 | J5: 80958.486 | K5: 0 | L5: 541049 | M5: 458949 | N5: 2 | O5: 102262.156 | P5: 0 | Q5: 496668 | R5: 503322 | S5: 10 | T5: 98540
A6: 8 | B6: 500651 | C6: 499341 | D6: 0 | E6: 85753.441 ms | F6: 0 | G6: 500872 | H6: 499127 | I6: 1 | J6: 79885.346 | K6: 0 | L6: 526419 | M6: 473580 | N6: 1 | O6: 101407.108 | P6: 0 | Q6: 512930 | R6: 487057 | S6: 13 | T6: 92877
A7: 16 | B7: 506186 | C7: 493797 | D7: 1 | E7: 76155.983 ms | F7: 0 | G7: 477302 | H7: 522698 | I7: 0 | J7: 83429.118 | K7: 0 | L7: 526419 | M7: 495146 | N7: 3 | O7: 99799.836 | P7: 0 | Q7: 462801 | R7: 537188 | S7: 11 | T7: 97658
A8: 6 | B8: 482151 | C8: 517842 | D8: 1 | E8: 108375.712 ms | F8: 0 | G8: 503011 | H8: 496988 | I8: 1 | J8: 95237.414 | K8: 0 | L8: 528533 | M8: 471463 | N8: 4 | O8: 94729.619 | P8: 0 | Q8: 506877 | R8: 493116 | S8: 7 | T8: 79604
A10: B | B10: F | C10: L | D10: S
A11: 6.73 | B11: 20.38 | C11: 41.27 | D11: 52.67
A12: 6.91 | B12: 21.43 | C12: 37.26 | D12: 47.54
A13: 6.54 | B13: 19.57 | C13: 38.02 | D13: 43.03
A14: 6.37 | B14: 20.9 | C14: 37.48 | D14: 46.59
A15: 6.28 | B15: 22.49 | C15: 37.03 | D15: 46.88
A17: ARM C#
A18: Bez | F18: Fence | K18: Load | P18: Store
A19: [0][0] | B19: [1][0] | C19: [0][1] | D19: [1][1] | E19: czas | F19: [0][0] | G19: [1][0] | H19: [0][1] | I19: [1][1] | J19: czas | K19: [0][0] | L19: [1][0] | M19: [0][1] | N19: [1][1] | O19: czas | P19: [0][0] | Q19: [1][0] | R19: [0][1] | S19: [1][1] | T19: czas
A20: 282051 | B20: 357926 | C20: 360022 | D20: 1 | E20: 1204.90 | F20: 0 | G20: 442955 | H20: 557006 | I20: 39 | J20: 1135.79 | K20: 0 | L20: 498988 | M20: 500218 | N20: 794 | O20: 1042.11 | P20: 0 | Q20: 487342 | R20: 449079 | S20: 63579 | T20: 912.65
A21: 306593 | B21: 347631 | C21: 345776 | D21: 0 | E21: 1194.86 | F21: 0 | G21: 497845 | H21: 502126 | I21: 29 | J21: 1113.30 | K21: 0 | L21: 492430 | M21: 507027 | N21: 543 | O21: 897.04 | P21: 0 | Q21: 477710 | R21: 435245 | S21: 87045 | T21: 974.53
A22: 307993 | B22: 341959 | C22: 350048 | D22: 0 | E22: 1200.94 | F22: 0 | G22: 504677 | H22: 495310 | I22: 13 | J22: 1122.52 | K22: 0 | L22: 499096 | M22: 500367 | N22: 537 | O22: 900.58 | P22: 0 | Q22: 481652 | R22: 434395 | S22: 83953 | T22: 966.87
A23: 289428 | B23: 353659 | C23: 356913 | D23: 0 | E23: 1181.35 | F23: 0 | G23: 500056 | H23: 499893 | I23: 51 | J23: 1127.84 | K23: 0 | L23: 494479 | M23: 504881 | N23: 640 | O23: 918.61 | P23: 0 | Q23: 483909 | R23: 432696 | S23: 83395 | T23: 967.48
A24: 296424 | B24: 347592 | C24: 355984 | D24: 0 | E24: 1194.77 | F24: 0 | G24: 478160 | H24: 521823 | I24: 17 | J24: 1127.38 | K24: 0 | L24: 502724 | M24: 496830 | N24: 446 | O24: 883.67 | P24: 0 | Q24: 476632 | R24: 435925 | S24: 87443 | T24: 966.11
A26: B | B26: F | C26: L | D26: S
A27: 5.59 | B27: 23.83 | C27: 58.24 | D27: 45.17
A28: 7.87 | B28: 22.54 | C28: 60.9 | D28: 46.83
A29: 6.5 | B29: 22.58 | C29: 58.57 | D29: 43.55
A30: 5.42 | B30: 22.13 | C30: 62.72 | D30: 43.81
A31: 6.81 | B31: 22.43 | C31: 39.94 | D31: 43.69

Sheet Intel
A1: Intel
A2: Bez | F2: Fence | K2: Load | P2: Store
A3: [0][0] | B3: [1][0] | C3: [0][1] | D3: [1][1] | E3: czas | F3: [0][0] | G3: [1][0] | H3: [0][1] | I3: [1][1] | J3: czas | K3: [0][0] | L3: [1][0] | M3: [0][1] | N3: [1][1] | O3: czas | P3: [0][0] | Q3: [1][0] | R3: [0][1] | S3: [1][1] | T3: czas
A4: 92 | B4: 497887 | C4: 502018 | D4: 3 | E4: 22216.907 | F4: 0 | G4: 490143 | H4: =1000000-F4-G4-I4 -> 509640 | I4: 217 | J4: 22322.909 | K4: 0 | L4: 503989 | M4: =1000000-K4-L4-N4 -> 495869 | N4: 142 | P4: 0 | Q4: 495778 | R4: =1000000-P4-Q4-S4 -> 504093 | S4: 129 | T4: 19251.134
A5: 47 | B5: 498370 | C5: =1000000-A5-B5-D5 -> 501581 | D5: 2 | E5: 22176.907 | F5: 0 | G5: 508277 | H5: =1000000-F5-G5-I5 -> 491496 | I5: 227 | J5: 22084.907 | K5: 0 | L5: 497398 | M5: =1000000-K5-L5-N5 -> 502420 | N5: 182 | O5: 21892.907 | P5: 0 | Q5: 504602 | R5: =1000000-P5-Q5-S5 -> 495371 | S5: 27 | T5: 22446.907
A6: 95 | B6: 503477 | C6: =1000000-A6-B6-D6 -> 496424 | D6: 4 | E6: 22515.907 | F6: 0 | G6: 499209 | H6: =1000000-F6-G6-I6 -> 500268 | I6: 523 | J6: 21993.907 | K6: 0 | L6: 498864 | M6: =1000000-K6-L6-N6 -> 500818 | N6: 318 | O6: 22341.907 | P6: 0 | Q6: 496353 | R6: =1000000-P6-Q6-S6 -> 503630 | S6: 17 | T6: 22352.907
A7: 87 | B7: 507300 | C7: =1000000-A7-B7-D7 -> 492612 | D7: 1 | E7: 22440.907 | F7: 0 | G7: 494694 | H7: =1000000-F7-G7-I7 -> 504789 | I7: 517 | J7: 22272.907 | K7: 0 | L7: 509208 | M7: =1000000-K7-L7-N7 -> 490559 | N7: 233 | O7: 21892.907 | P7: 0 | Q7: 493536 | R7: =1000000-P7-Q7-S7 -> 506405 | S7: 59 | T7: 22084.907
A8: 82 | B8: 497543 | C8: =1000000-A8-B8-D8 -> 502371 | D8: 4 | E8: 21833.907 | F8: 0 | G8: 505946 | H8: =1000000-F8-G8-I8 -> 493721 | I8: 333 | J8: 22432.907 | K8: 0 | L8: 501864 | M8: =1000000-K8-L8-N8 -> 497657 | N8: 479 | O8: 22260.907 | P8: 0 | Q8: 508624 | R8: =1000000-P8-Q8-S8 -> 491359 | S8: 17 | T8: 22395.907
A10: B | B10: F | C10: L | D10: S
A11: 11.9 | B11: 72.88 | C11: 83.53 | D11: 90.65
A12: 11.61 | B12: 71.27 | C12: 74.79 | D12: 93.35
A13: 12.78 | B13: 71.38 | C13: 70.79 | D13: 93.54
A14: 12.43 | B14: 64.28 | C14: 77.09 | D14: 94.42
A15: 11.27 | B15: 63.67 | C15: 61.58 | D15: 92.91
A17: Intel C#
A18: Bez | F18: Fence | K18: Load | P18: Store
A19: [0][0] | B19: [1][0] | C19: [0][1] | D19: [1][1] | E19: czas | F19: [0][0] | G19: [1][0] | H19: [0][1] | I19: [1][1] | J19: czas | K19: [0][0] | L19: [1][0] | M19: [0][1] | N19: [1][1] | O19: czas | P19: [0][0] | Q19: [1][0] | R19: [0][1] | S19: [1][1] | T19: czas
A20: 6448 | B20: 500726 | C20: 492176 | D20: 650 | E20: 2093.31 | F20: 0 | G20: 412297 | H20: 428000 | I20: 159703 | J20: 2231.53 | K20: 0 | L20: 485813 | M20: 497771 | N20: 16416 | O20: 1309.75 | P20: 0 | Q20: 434566 | R20: 419695 | S20: 145739 | T20: 1387.88
A21: 5128 | B21: 594717 | C21: 399929 | D21: 226 | E21: 1796.68 | F21: 0 | G21: 414376 | H21: 461406 | I21: 124218 | J21: 1496.43 | K21: 0 | L21: 481194 | M21: 490747 | N21: 28059 | O21: 1279.45 | P21: 0 | Q21: 557009 | R21: 195251 | S21: 247740 | T21: 1513.71
A22: 6700 | B22: 622043 | C22: 371002 | D22: 255 | E22: 1429.83 | F22: 0 | G22: 525397 | H22: 341174 | I22: 133429 | J22: 1501.97 | K22: 0 | L22: 448972 | M22: 538920 | N22: 12108 | O22: 1276.59 | P22: 0 | Q22: 519200 | R22: 286846 | S22: 193954 | T22: 1425.15
A23: 6805 | B23: 463917 | C23: 529120 | D23: 158 | E23: 1716.21 | F23: 0 | G23: 522414 | H23: 375085 | I23: 102501 | J23: 1296.43 | K23: 0 | L23: 524377 | M23: 454766 | N23: 20857 | O23: 1737.4 | P23: 0 | Q23: 491446 | R23: 235847 | S23: 272707 | T23: 1349.59
A24: 6673 | B24: 497082 | C24: 496204 | D24: 41 | E24: 1638.77 | F24: 0 | G24: 476362 | H24: 352258 | I24: 171380 | J24: 1527.54 | K24: 0 | L24: 424433 | M24: 550138 | N24: 25429 | O24: 1316.55 | P24: 0 | Q24: 484566 | R24: 114595 | S24: 400839 | T24: 1323.46
A26: B | B26: F | C26: L | D26: S
A27: 25.54 | B27: 75.7 | C27: 113.64 | D27: 84.32
A28: 29.71 | B28: 74.73 | C28: 109.63 | D28: 72.28
A29: 23.13 | B29: 72.1 | C29: 108.47 | D29: 83.33
A30: 27.61 | B30: 65.35 | C30: 108.95 | D30: 34.1
A31: 31.2 | B31: 73.08 | C31: 105.47 | D31: 82.09

Sheet Slurm
A1: Slurm
A2: Bez | F2: Fence | K2: Load | P2: Store
A3: [0][0] | B3: [1][0] | C3: [0][1] | D3: [1][1] | E3: czas | F3: [0][0] | G3: [1][0] | H3: [0][1] | I3: [1][1] | J3: czas | K3: [0][0] | L3: [1][0] | M3: [0][1] | N3: [1][1] | O3: czas | P3: [0][0] | Q3: [1][0] | R3: [0][1] | S3: [1][1] | T3: czas
A4: 29 | B4: 494902 | C4: 505059 | D4: 0 | E4: 6578.378 ms | F4: 0 | G4: 500147 | H4: 499721 | I4: 132 | J4: 6688.217 ms | K4: 0 | L4: 495498 | M4: 504474 | N4: 28 | O4: 6846.612 | P4: 0 | Q4: 504611 | R4: 495383 | S4: 6 | T4: 6862.124
A5: 17 | B5: 503209 | C5: 496774 | D5: 0 | E5: 6631.008 ms | F5: 0 | G5: 504242 | H5: 495376 | I5: 382 | J5: 6907.739 ms | K5: 0 | L5: 492345 | M5: 507644 | N5: 11 | O5: 6572.334 | P5: 0 | Q5: 498973 | R5: 501013 | S5: 14 | T5: 6823.630
A6: 26 | B6: 502766 | C6: 497208 | D6: 0 | E6: 6765.917 ms | F6: 0 | G6: 499847 | H6: 499946 | I6: 207 | J6: 6724.110 ms | K6: 0 | L6: 499087 | M6: 500896 | N6: 17 | O6: 6763.252 | P6: 0 | Q6: 490310 | R6: 509654 | S6: 36 | T6: 6912.220
A7: 18 | B7: 500600 | C7: 499382 | D7: 0 | E7: 6648.136 ms | F7: 0 | G7: 502904 | H7: 496947 | I7: 149 | J7: 6619.837 ms | K7: 0 | L7: 502026 | M7: 497925 | N7: 49 | O7: 7410.048 | P7: 0 | Q7: 498870 | R7: 501106 | S7: 24 | T7: 6749.940
A8: 18 | B8: 504489 | C8: 495493 | D8: 0 | E8: 6745.471 ms | F8: 0 | G8: 501958 | H8: 497891 | I8: 151 | J8: 6615.369 ms | K8: 0 | L8: 498289 | M8: 501646 | N8: 65 | O8: 7380.035 | P8: 0 | Q8: 498393 | R8: 501589 | S8: 18 | T8: 6635.461
A10: B | B10: F | C10: L | D10: S
A11: 5.99 | B11: 36.02 | C11: 36.98 | D11: 35.54
A12: 4.38 | B12: 34.95 | C12: 36.09 | D12: 32.68
A13: 4.29 | B13: 34.84 | C13: 35.85 | D13: 33.37
A14: 4.28 | B14: 35.28 | C14: 35.78 | D14: 33.73
A15: 4.51 | B15: 36.45 | C15: 36.39 | D15: 32.16
A17: Slurm C#
A18: Bez | F18: Fence | K18: Load | P18: Store
A19: [0][0] | B19: [1][0] | C19: [0][1] | D19: [1][1] | E19: czas | F19: [0][0] | G19: [1][0] | H19: [0][1] | I19: [1][1] | J19: czas | K19: [0][0] | L19: [1][0] | M19: [0][1] | N19: [1][1] | O19: czas | P19: [0][0] | Q19: [1][0] | R19: [0][1] | S19: [1][1] | T19: czas
A20: 55089 | B20: 404679 | C20: 540232 | D20: 0 | E20: 982.08 | F20: 0 | G20: 499988 | H20: 497189 | I20: 2823 | J20: 1662.4 | K20: 0 | L20: 488061 | M20: 490622 | N20: 21317 | O20: 950.86 | P20: 0 | Q20: 424770 | R20: 403656 | S20: 171574 | T20: 1967.54
A21: 47310 | B21: 472877 | C21: 479813 | D21: 0 | E21: 875.37 | F21: 0 | G21: 524953 | H21: 466213 | I21: 8834 | J21: 922.8 | K21: 0 | L21: 523022 | M21: 463767 | N21: 13211 | O21: 1728.58 | P21: 0 | Q21: 458327 | R21: 388171 | S21: 153502 | T21: 1076.17
A22: 59911 | B22: 468063 | C22: 472026 | D22: 0 | E22: 860.69 | F22: 0 | G22: 527763 | H22: 468799 | I22: 3438 | J22: 853.34 | K22: 0 | L22: 483246 | M22: 497318 | N22: 19436 | O22: 893.06 | P22: 0 | Q22: 458530 | R22: 381297 | S22: 160173 | T22: 1024.69
A23: 68277 | B23: 454483 | C23: 477232 | D23: 8 | E23: 1188.26 | F23: 0 | G23: 501640 | H23: 487449 | I23: 10911 | J23: 978.28 | K23: 0 | L23: 492435 | M23: 486359 | N23: 21206 | O23: 861.58 | P23: 0 | Q23: 498054 | R23: 336377 | S23: 165569 | T23: 1164.11
A24: 67262 | B24: 464443 | C24: 468295 | D24: 0 | E24: 821.12 | F24: 0 | G24: 527532 | H24: 468845 | I24: 3623 | J24: 844.86 | K24: 0 | L24: 495781 | M24: 484400 | N24: 19819 | O24: 912.02 | P24: 0 | Q24: 466471 | R24: 366390 | S24: 167139 | T24: 1071.76
A26: B | B26: F | C26: L | D26: S
A27: 4.48 | B27: 53.1 | C27: 52.69 | D27: 71.25
A28: 3.17 | B28: 45.48 | C28: 52.18 | D28: 78.93
A29: 4.39 | B29: 45.88 | C29: 54.91 | D29: 79.77
A30: 4.79 | B30: 47.49 | C30: 45.57 | D30: 74.12
A31: 4.04 | B31: 46.88 | C31: 57.96 | D31: 72.53
